obj type,pc match method,belief history,n_points history
OrangeCover,mean_nn,"[0.8565268516540527, 0.9896171689033508, 0.9999891519546509, 1.0, 1.0, 1.0, 1.0, 0.9900000095367432, 0.9983710646629333, 0.9983710646629333, 0.9983710646629333]","[1086, 3648, 8581, 14335, 20896, 27575, 35824, 40658, 46770, 46770, 46770]"
OrangeCover,mean_nn,"[0.9163099527359009, 0.994464099407196, 0.9999392628669739, 0.9999995231628418, 1.0, 1.0, 1.0, 1.0, 0.996859073638916, 0.9992330074310303, 0.9992330074310303]","[1078, 3569, 6602, 10145, 14289, 19186, 25272, 33142, 43374, 48355, 48355]"
OrangeCover,mean_nn,"[0.8495820760726929, 0.9834505915641785, 0.9999828934669495, 1.0, 1.0, 1.0, 1.0, 0.9900000095367432, 0.9975699186325073, 0.9975699186325073, 0.9975699186325073]","[1063, 3084, 8040, 13999, 20630, 27275, 35629, 40341, 46296, 46296, 46296]"
OrangeCover,mean_nn,"[0.8419038653373718, 0.9401264190673828, 0.9998857975006104, 0.9999999403953552, 1.0, 1.0, 1.0, 0.9900000095367432, 0.9980661869049072, 0.9980661869049072, 0.9980661869049072]","[1077, 3130, 8075, 13986, 20534, 27224, 35562, 44518, 51105, 51105, 51105]"
OrangeCover,mean_nn,"[0.8400017023086548, 0.9836583733558655, 0.999976634979248, 1.0, 1.0, 1.0, 1.0, 0.9918032884597778, 0.9986590147018433, 0.9986590147018433, 0.9986590147018433]","[1088, 3036, 7918, 13803, 20389, 26998, 35298, 45175, 51427, 51427, 51427]"
OrangeCover,mean_nn,"[0.85663241147995, 0.9993869066238403, 0.9999991059303284, 1.0, 1.0, 1.0, 0.9900000095367432, 0.9992681741714478, 0.9997599124908447, 0.9997599124908447, 0.9997599124908447]","[1090, 5443, 10444, 16370, 22897, 29456, 37756, 42644, 48851, 48851, 48851]"
OrangeCover,mean_nn,"[0.73316890001297, 0.978375256061554, 0.9988963007926941, 0.9999289512634277, 0.9999960660934448, 0.9999996423721313, 1.0, 1.0, 1.0, 1.0, 1.0]","[697, 3028, 4835, 6823, 8447, 10941, 14561, 17354, 18042, 18042, 18042]"
OrangeCover,mean_nn,"[0.8648066520690918, 0.988584041595459, 0.9999844431877136, 1.0, 1.0, 1.0, 1.0, 0.9900000095367432, 0.9985782504081726, 0.9985782504081726, 0.9985782504081726]","[1093, 3912, 8786, 14583, 21167, 27809, 36114, 40964, 47464, 47464, 47464]"
OrangeCover,mean_nn,"[0.9207485914230347, 0.9207485914230347, 0.9989325404167175, 0.9999939799308777, 0.9999999403953552, 1.0, 1.0, 1.0, 1.0, 1.0, 1.0]","[1107, 1107, 4174, 7695, 11898, 16733, 22902, 30458, 41138, 46507, 46507]"
OrangeCover,mean_nn,"[0.9166399240493774, 0.9995120763778687, 0.9999914765357971, 0.9999999403953552, 1.0, 1.0, 1.0, 0.9900000095367432, 0.9995498061180115, 0.9998682737350464, 0.9998682737350464]","[1079, 4892, 7927, 11503, 15652, 20490, 26718, 34556, 45014, 50297, 50297]"
OrangeCover,mean_nn,"[0.915930986404419, 0.9994326829910278, 0.9999929070472717, 0.9999999403953552, 1.0, 1.0, 1.0, 0.9900000095367432, 0.9995055794715881, 0.9998945593833923, 0.9998945593833923]","[1036, 4873, 7849, 11392, 15552, 20429, 26663, 34374, 44838, 50136, 50136]"
OrangeCover,mean_nn,"[0.8157027363777161, 0.9884198904037476, 0.9990429282188416, 0.9999469518661499, 0.9999966621398926, 0.9999997615814209, 1.0, 1.0, 1.0, 1.0, 1.0]","[684, 2637, 4494, 6552, 8897, 11797, 15680, 19108, 20273, 20273, 20273]"
OrangeCover,mean_nn,"[0.8620501160621643, 0.9701212048530579, 0.9999651908874512, 1.0, 1.0, 1.0, 1.0, 0.9900000095367432, 0.9981321096420288, 0.9981321096420288, 0.9981321096420288]","[1084, 3225, 8101, 13976, 20489, 27114, 35341, 40259, 46442, 46442, 46442]"
OrangeCover,mean_nn,"[0.9183651208877563, 0.9183651208877563, 0.9988653063774109, 0.9999911785125732, 0.9999999403953552, 1.0, 1.0, 1.0, 1.0, 0.9900000095367432, 0.9900000095367432]","[1111, 1111, 4110, 7642, 11850, 16842, 22972, 30736, 41253, 46443, 46443]"
OrangeCover,mean_nn,"[0.915850818157196, 0.9995284676551819, 0.9999932646751404, 0.9999999403953552, 1.0, 1.0, 1.0, 0.9900000095367432, 0.9994928240776062, 0.9999055862426758, 0.9999055862426758]","[1035, 5223, 8223, 11774, 15977, 20950, 27081, 34814, 45283, 50529, 50529]"
OrangeCover,mean_nn,"[0.9160147309303284, 0.999443531036377, 0.9999933838844299, 0.9999999403953552, 1.0, 1.0, 1.0, 0.9900000095367432, 0.9993190169334412, 0.9998781681060791, 0.9998781681060791]","[1066, 4699, 7765, 11229, 15359, 20293, 26378, 34091, 44592, 49776, 49776]"
OrangeCover,mean_nn,"[0.9155817031860352, 0.9995234608650208, 0.999995231628418, 0.9999999403953552, 1.0, 1.0, 1.0, 0.9900000095367432, 0.9995622634887695, 0.9999148845672607, 0.9999148845672607]","[1098, 5001, 7988, 11515, 15718, 20663, 26794, 34434, 44823, 50119, 50119]"
OrangeCover,mean_nn,"[0.7449589967727661, 0.9782472848892212, 0.9985678195953369, 0.9999042749404907, 0.9999930262565613, 0.9999994039535522, 0.9999999403953552, 1.0, 1.0, 1.0, 1.0]","[725, 2729, 4655, 6615, 8970, 11685, 15335, 18449, 20966, 20966, 20966]"
OrangeCover,mean_nn,"[0.918648362159729, 0.994642436504364, 0.9999194145202637, 0.9999994039535522, 1.0, 1.0, 1.0, 1.0, 0.9900000095367432, 0.9987666606903076, 0.9987666606903076]","[1053, 2367, 5250, 8721, 12865, 17838, 23969, 31844, 42226, 47391, 47391]"
OrangeCover,mean_nn,"[0.9168705344200134, 0.9996589422225952, 0.9999945163726807, 0.9999999403953552, 1.0, 1.0, 1.0, 0.9900000095367432, 0.9995298385620117, 0.999941349029541, 0.999941349029541]","[1074, 4948, 7911, 11498, 15687, 20558, 26752, 34382, 44798, 49917, 49917]"
OrangeCover,mean_nn,"[0.9173398613929749, 0.9995883107185364, 0.9999948740005493, 0.9999999403953552, 1.0, 1.0, 1.0, 0.9900000095367432, 0.9996579885482788, 0.9999596476554871, 0.9999596476554871]","[1055, 4875, 7918, 11405, 15593, 20505, 26644, 34312, 44704, 49925, 49925]"
OrangeCover,mean_nn,"[0.7622563242912292, 0.9843130707740784, 0.9989202618598938, 0.9999359846115112, 0.9999958276748657, 0.9999996423721313, 1.0, 1.0, 1.0, 1.0, 1.0]","[710, 2769, 4670, 6658, 9088, 11637, 14968, 18327, 19493, 19493, 19493]"
OrangeCover,mean_nn,"[0.8615725636482239, 0.9754750728607178, 0.9999710321426392, 1.0, 1.0, 1.0, 1.0, 0.9918032884597778, 0.9994932413101196, 0.9994932413101196, 0.9994932413101196]","[1084, 3043, 7985, 13820, 20330, 26984, 35369, 43758, 55861, 55861, 55861]"
OrangeCover,mean_nn,"[0.7056200504302979, 0.9764872193336487, 0.9985998272895813, 0.9999087452888489, 0.9999946355819702, 0.9999995231628418, 0.9999999403953552, 1.0, 1.0, 1.0, 1.0]","[724, 2385, 4185, 6235, 8700, 11298, 14948, 18219, 20201, 20201, 20201]"
OrangeCover,mean_nn,"[0.8702504634857178, 0.9367055296897888, 0.9998963475227356, 0.9999999403953552, 1.0, 1.0, 1.0, 1.0, 0.9918032884597778, 0.9918032884597778, 0.9918032884597778]","[1091, 2779, 7680, 13502, 19973, 26560, 34822, 39500, 45863, 45863, 45863]"
OrangeCover,fscore,"[0.8138822913169861, 0.744591474533081, 0.660271942615509, 0.5644005537033081, 0.4634592533111572, 0.365426242351532, 0.277408242225647, 0.20378246903419495, 0.1457558125257492, 0.10213267803192139, 0.07048816978931427, 0.07048816978931427]","[977, 977, 977, 977, 977, 977, 977, 977, 977, 977, 977, 977]"
OrangeCover,fscore,"[0.8531718254089355, 0.9836763143539429, 0.9979988932609558, 0.999847948551178, 0.9999861121177673, 0.9999989867210388, 0.9999999403953552, 1.0, 1.0, 1.0, 1.0, 1.0]","[527, 2353, 4138, 6055, 8034, 10223, 13116, 16339, 19839, 23362, 23362, 23362]"
OrangeCover,fscore,"[0.8611125349998474, 0.9880472421646118, 0.9987987875938416, 0.9998793601989746, 0.9999893307685852, 0.9999992847442627, 0.9999999403953552, 1.0, 1.0, 1.0, 1.0, 1.0]","[622, 3110, 4911, 6841, 8807, 11187, 14219, 17992, 22308, 25737, 25737, 25737]"
OrangeCover,fscore,"[0.8321194648742676, 0.983181357383728, 0.9985487461090088, 0.9998746514320374, 0.9999918937683105, 0.999999463558197, 0.9999999403953552, 1.0, 1.0, 1.0, 1.0, 1.0]","[757, 2676, 4294, 6209, 7644, 9746, 12261, 15819, 18285, 18285, 18285, 18285]"
OrangeCover,fscore,"[0.8651204705238342, 0.9793352484703064, 0.9985855221748352, 0.9998877048492432, 0.9999938011169434, 0.9999995231628418, 0.9999999403953552, 1.0, 1.0, 1.0, 1.0, 1.0]","[731, 2331, 3939, 5771, 7649, 10117, 13112, 15777, 18226, 18226, 18226, 18226]"
OrangeCover,fscore,"[0.8166279196739197, 0.8553410172462463, 0.926975429058075, 0.9394486546516418, 0.9499064683914185, 0.9266957640647888, 0.8939313292503357, 0.8489099144935608, 0.7892834544181824, 0.8207272291183472, 0.8207272291183472, 0.8207272291183472]","[795, 2949, 5231, 7748, 10627, 10627, 10627, 10627, 10627, 15694, 15694, 15694]"
OrangeCover,fscore,"[0.8002358078956604, 0.9830765724182129, 0.9983583092689514, 0.9999043345451355, 0.9999946355819702, 0.9999997019767761, 1.0, 1.0, 1.0, 1.0, 1.0, 1.0]","[787, 2893, 4363, 6140, 8000, 10243, 13211, 16080, 17887, 17887, 17887, 17887]"
OrangeCover,fscore,"[0.8243350386619568, 0.9750879406929016, 0.9974822402000427, 0.9997936487197876, 0.9999895095825195, 0.9999994039535522, 0.9999999403953552, 1.0, 1.0, 1.0, 1.0, 1.0]","[1047, 2699, 4546, 6478, 8697, 11503, 14996, 19437, 25172, 27745, 27745, 27745]"
OrangeCover,fscore,"[0.8902604579925537, 0.9913455247879028, 0.9992258548736572, 0.9999481439590454, 0.999996542930603, 0.9999997615814209, 1.0, 1.0, 1.0, 1.0, 1.0, 1.0]","[789, 2612, 4235, 5894, 7941, 10361, 13238, 15803, 17688, 17688, 17688, 17688]"
OrangeCover,fscore,"[0.550000011920929, 0.9145068526268005, 0.9895792603492737, 0.9989863634109497, 0.9999335408210754, 0.999995231628418, 0.9999996423721313, 1.0, 1.0, 1.0, 1.0, 1.0]","[811, 2651, 4447, 6431, 8597, 11239, 14404, 18340, 23362, 30190, 30190, 30190]"
OrangeCover,fscore,"[0.8438559770584106, 0.9799259305000305, 0.9978079199790955, 0.9998227953910828, 0.9999908208847046, 0.9999994039535522, 0.9999999403953552, 1.0, 1.0, 1.0, 1.0, 1.0]","[1070, 2900, 4662, 6577, 8922, 11733, 15258, 19645, 24375, 24375, 24375, 24375]"
OrangeCover,fscore,"[0.8865039944648743, 0.9880992770195007, 0.9988073110580444, 0.999874472618103, 0.9999924898147583, 0.999999463558197, 0.9999999403953552, 1.0, 1.0, 1.0, 1.0, 1.0]","[920, 2995, 4776, 6665, 8861, 11517, 14692, 18641, 23676, 30668, 30668, 30668]"
OrangeCover,fscore,"[0.8033665418624878, 0.9243277311325073, 0.9743739366531372, 0.989691436290741, 0.9915498495101929, 0.9873781204223633, 0.9811859130859375, 0.9720419049263, 0.958640992641449, 0.9855929613113403, 0.9855929613113403, 0.9855929613113403]","[792, 2900, 5141, 7594, 10504, 10504, 10504, 10504, 10504, 15434, 15434, 15434]"
OrangeCover,fscore,"[0.7869265079498291, 0.9784378409385681, 0.9978169202804565, 0.9998412132263184, 0.9999908208847046, 0.999999463558197, 0.9999999403953552, 1.0, 1.0, 1.0, 1.0, 1.0]","[1087, 3457, 5218, 7000, 9244, 12128, 15680, 20198, 20198, 20198, 20198, 20198]"
OrangeCover,fscore,"[0.8149451613426208, 0.9853128790855408, 0.9987019300460815, 0.9999111294746399, 0.9999952912330627, 0.9999997019767761, 1.0, 1.0, 1.0, 1.0, 1.0, 1.0]","[1089, 3232, 4943, 6792, 8994, 11796, 15268, 19705, 19705, 19705, 19705, 19705]"
OrangeCover,fscore,"[0.8510451912879944, 0.9852168560028076, 0.9982849955558777, 0.9994969367980957, 0.9996991753578186, 0.9997538924217224, 0.999798595905304, 0.999798595905304, 0.999798595905304, 0.9998352527618408, 0.9998352527618408, 0.9998352527618408]","[558, 2678, 5035, 7614, 10564, 14002, 17980, 17980, 17980, 20193, 20193, 20193]"
OrangeCover,fscore,"[0.858410656452179, 0.9896680116653442, 0.998828113079071, 0.9999287724494934, 0.9999961256980896, 0.9999997615814209, 1.0, 1.0, 1.0, 1.0, 1.0, 1.0]","[1105, 3430, 5199, 7140, 9445, 12295, 15846, 20452, 20452, 20452, 20452, 20452]"
OrangeCover,fscore,"[0.8775033950805664, 0.9920264482498169, 0.999377965927124, 0.999966561794281, 0.999998152256012, 0.9999998807907104, 1.0, 1.0, 1.0, 1.0, 1.0, 1.0]","[726, 2397, 4037, 5944, 7903, 10394, 13126, 16740, 19615, 23659, 23659, 23659]"
OrangeCover,fscore,"[0.8562067151069641, 0.9842138886451721, 0.998622477054596, 0.9998863339424133, 0.9999940395355225, 0.9999996423721313, 1.0, 1.0, 1.0, 1.0, 1.0, 1.0]","[1085, 2929, 4687, 6595, 8818, 11399, 14912, 19296, 19296, 19296, 19296, 19296]"
OrangeCover,fscore,"[0.8028245568275452, 0.9777373671531677, 0.998670756816864, 0.9999109506607056, 0.9999952912330627, 0.9999996423721313, 1.0, 1.0, 1.0, 1.0, 1.0, 1.0]","[750, 2390, 4133, 6021, 8089, 10350, 13427, 16600, 19471, 19471, 19471, 19471]"
OrangeCover,fscore,"[0.7976879477500916, 0.9836611151695251, 0.9988329410552979, 0.9999389052391052, 0.9999966025352478, 0.9999997615814209, 1.0, 1.0, 1.0, 1.0, 1.0, 1.0]","[812, 2471, 4073, 5996, 8010, 10470, 13355, 16860, 20107, 20107, 20107, 20107]"
OrangeCover,fscore,"[0.8220772743225098, 0.9802373647689819, 0.9982855916023254, 0.9999015927314758, 0.9999938011169434, 0.9999995231628418, 0.9999999403953552, 1.0, 1.0, 1.0, 1.0, 1.0]","[734, 2260, 3845, 5809, 7852, 10190, 13018, 16568, 19366, 21666, 21666, 21666]"
OrangeCover,fscore,"[0.9128326773643494, 0.9895317554473877, 0.9987848997116089, 0.9998612999916077, 0.9999887347221375, 0.9999992847442627, 0.9999999403953552, 1.0, 1.0, 1.0, 1.0, 1.0]","[1215, 3024, 4814, 6729, 8887, 11511, 14638, 18531, 23412, 29835, 29835, 29835]"
OrangeCover,fscore,"[0.7730382084846497, 0.9726462960243225, 0.9984274506568909, 0.9999070763587952, 0.9999940395355225, 0.9999995231628418, 0.9999999403953552, 1.0, 1.0, 1.0, 1.0, 1.0]","[750, 2432, 4090, 5966, 8026, 10420, 13171, 16639, 20274, 20274, 20274, 20274]"
OrangeCover,fscore,"[0.7966834306716919, 0.9826224446296692, 0.9985779523849487, 0.9998968839645386, 0.9999942779541016, 0.9999995827674866, 1.0, 1.0, 1.0, 1.0, 1.0, 1.0]","[781, 2412, 3949, 5829, 7711, 9761, 12612, 16107, 18101, 18101, 18101, 18101]"
OrangeCover,chamfer,"[0.9164785742759705, 0.9944085478782654, 0.9994642734527588, 0.9999446868896484, 0.9999967813491821, 0.9999997615814209, 1.0, 1.0, 1.0, 1.0, 1.0, 1.0]","[1157, 3442, 5249, 7192, 9360, 11971, 15151, 19113, 24198, 30853, 30853, 30853]"
OrangeCover,chamfer,"[0.9093633890151978, 0.9893918633460999, 0.9987947344779968, 0.9998655915260315, 0.9999914169311523, 0.9999994039535522, 0.9999999403953552, 1.0, 1.0, 1.0, 1.0, 1.0]","[1166, 3145, 4934, 6875, 9034, 11690, 14841, 18793, 23827, 30617, 30617, 30617]"
OrangeCover,chamfer,"[0.7781121730804443, 0.9746144413948059, 0.9977659583091736, 0.9998598098754883, 0.9999923706054688, 0.999999463558197, 0.9999999403953552, 1.0, 1.0, 1.0, 1.0, 1.0]","[731, 2397, 3963, 5909, 8051, 10189, 13097, 16128, 18876, 18876, 18876, 18876]"
OrangeCover,chamfer,"[0.8606334328651428, 0.9877700209617615, 0.9987996220588684, 0.9999173283576965, 0.9999954700469971, 0.9999997019767761, 1.0, 1.0, 1.0, 1.0, 1.0, 1.0]","[1031, 2907, 4696, 6582, 8854, 11578, 15028, 19415, 19415, 19415, 19415, 19415]"
OrangeCover,chamfer,"[0.9055858254432678, 0.9947797656059265, 0.9994503259658813, 0.9999405741691589, 0.9999956488609314, 0.9999997019767761, 1.0, 1.0, 1.0, 1.0, 1.0, 1.0]","[1181, 3543, 5303, 7190, 9352, 11991, 15171, 19114, 24137, 30947, 30947, 30947]"
OrangeCover,chamfer,"[0.8878108859062195, 0.9905199408531189, 0.9993036389350891, 0.99996018409729, 0.9999973773956299, 0.9999997615814209, 1.0, 1.0, 1.0, 1.0, 1.0, 1.0]","[775, 2526, 4291, 6257, 8197, 10673, 13382, 17089, 19552, 21971, 21971, 21971]"
OrangeCover,chamfer,"[0.8324905633926392, 0.9820660352706909, 0.9981939196586609, 0.9998750686645508, 0.9999934434890747, 0.9999995827674866, 1.0, 1.0, 1.0, 1.0, 1.0, 1.0]","[1092, 3071, 4877, 6803, 9109, 11908, 15391, 19880, 24024, 24024, 24024, 24024]"
OrangeCover,chamfer,"[0.9091277122497559, 0.9917126297950745, 0.999121367931366, 0.9999261498451233, 0.9999942779541016, 0.9999996423721313, 1.0, 1.0, 1.0, 1.0, 1.0, 1.0]","[1175, 3230, 4970, 6820, 8999, 11625, 14806, 18742, 23818, 30742, 30742, 30742]"
OrangeCover,chamfer,"[0.9080885648727417, 0.9916079640388489, 0.999083399772644, 0.9999037384986877, 0.999993085861206, 0.9999995231628418, 1.0, 1.0, 1.0, 1.0, 1.0, 1.0]","[1193, 3251, 5005, 6876, 9032, 11645, 14812, 18771, 23776, 30374, 30374, 30374]"
OrangeCover,chamfer,"[0.9053969979286194, 0.988509476184845, 0.9987934827804565, 0.9998824000358582, 0.9999904632568359, 0.9999994039535522, 0.9999999403953552, 1.0, 1.0, 1.0, 1.0, 1.0]","[1188, 3060, 4845, 6726, 8859, 11473, 14574, 18451, 23390, 30054, 30054, 30054]"
OrangeCover,chamfer,"[0.8150516748428345, 0.9814298748970032, 0.9982408285140991, 0.999858558177948, 0.9999914169311523, 0.999999463558197, 0.9999999403953552, 1.0, 1.0, 1.0, 1.0, 1.0]","[1103, 3041, 4830, 6780, 9075, 11956, 15505, 20066, 24381, 24381, 24381, 24381]"
OrangeCover,chamfer,"[0.9147276878356934, 0.9914829730987549, 0.9992272853851318, 0.9999209046363831, 0.9999948740005493, 0.9999997019767761, 1.0, 1.0, 1.0, 1.0, 1.0, 1.0]","[1181, 3132, 4916, 6758, 8959, 11610, 14813, 18850, 23949, 30913, 30913, 30913]"
OrangeCover,chamfer,"[0.9140202403068542, 0.9942653179168701, 0.9995072484016418, 0.9999539256095886, 0.9999968409538269, 0.9999997615814209, 1.0, 1.0, 1.0, 1.0, 1.0, 1.0]","[1196, 3261, 5062, 6931, 9129, 11768, 14949, 18888, 23908, 30614, 30614, 30614]"
OrangeCover,chamfer,"[0.9087559580802917, 0.9918644428253174, 0.9991461634635925, 0.9999157190322876, 0.9999932050704956, 0.9999995827674866, 0.9999999403953552, 1.0, 1.0, 1.0, 1.0, 1.0]","[1210, 3358, 5112, 7025, 9193, 11814, 14971, 18905, 23908, 30699, 30699, 30699]"
OrangeCover,chamfer,"[0.8192740082740784, 0.9764138460159302, 0.9976405501365662, 0.9998210072517395, 0.9999891519546509, 0.9999992847442627, 0.9999999403953552, 1.0, 1.0, 1.0, 1.0, 1.0]","[1067, 3048, 4795, 6723, 9006, 11869, 15423, 20020, 20020, 20020, 20020, 20020]"
OrangeCover,chamfer,"[0.8624672889709473, 0.990936815738678, 0.9992039203643799, 0.9998898506164551, 0.9999668002128601, 0.9999728202819824, 0.9999777674674988, 0.9999818205833435, 0.9999818205833435, 0.9999850988388062, 0.9999850988388062, 0.9999850988388062]","[603, 2747, 5101, 7677, 10644, 14059, 17877, 21709, 21709, 24004, 24004, 24004]"
OrangeCover,chamfer,"[0.9077430963516235, 0.9936572909355164, 0.9993337392807007, 0.9999231696128845, 0.9999949336051941, 0.9999996423721313, 1.0, 1.0, 1.0, 1.0, 1.0, 1.0]","[1177, 3428, 5211, 7045, 9228, 11844, 14998, 18888, 23915, 30571, 30571, 30571]"
OrangeCover,chamfer,"[0.8512740731239319, 0.9880416989326477, 0.9991410970687866, 0.9999474287033081, 0.9999963641166687, 0.9999997615814209, 1.0, 1.0, 1.0, 1.0, 1.0, 1.0]","[736, 2635, 4402, 6277, 8363, 10877, 13556, 17348, 19241, 19241, 19241, 19241]"
OrangeCover,chamfer,"[0.8525798916816711, 0.9841613173484802, 0.9985024333000183, 0.9998986124992371, 0.9999946355819702, 0.9999997019767761, 1.0, 1.0, 1.0, 1.0, 1.0, 1.0]","[1069, 3033, 4821, 6746, 8973, 11805, 15292, 19744, 19744, 19744, 19744, 19744]"
OrangeCover,chamfer,"[0.8725890517234802, 0.989352285861969, 0.9991151094436646, 0.9999491572380066, 0.9999971985816956, 0.9999998211860657, 1.0, 1.0, 1.0, 1.0, 1.0, 1.0]","[745, 2345, 4056, 5933, 8034, 10307, 13345, 16498, 18754, 18754, 18754, 18754]"
OrangeCover,chamfer,"[0.8524413108825684, 0.9855715036392212, 0.9985384941101074, 0.9998763799667358, 0.9999935030937195, 0.9999996423721313, 1.0, 1.0, 1.0, 1.0, 1.0, 1.0]","[1116, 3051, 4823, 6736, 8905, 11704, 15137, 19520, 23765, 23765, 23765, 23765]"
OrangeCover,chamfer,"[0.9156248569488525, 0.9937673211097717, 0.9992709159851074, 0.9999409914016724, 0.9999959468841553, 0.9999997019767761, 1.0, 1.0, 1.0, 1.0, 1.0, 1.0]","[1080, 3119, 4860, 6743, 8961, 11631, 14862, 18885, 24017, 31062, 31062, 31062]"
OrangeCover,chamfer,"[0.9205193519592285, 0.993596613407135, 0.999263346195221, 0.9999179244041443, 0.999993622303009, 0.9999995827674866, 1.0, 1.0, 1.0, 1.0, 1.0, 1.0]","[1166, 3180, 4982, 6866, 9030, 11705, 14866, 18807, 23880, 30597, 30597, 30597]"
OrangeCover,chamfer,"[0.9006098508834839, 0.9925179481506348, 0.9992774128913879, 0.999927282333374, 0.999994695186615, 0.9999996423721313, 1.0, 1.0, 1.0, 1.0, 1.0, 1.0]","[1202, 3216, 4933, 6683, 8847, 11482, 14652, 18607, 23675, 30445, 30445, 30445]"
OrangeCover,chamfer,"[0.8072645664215088, 0.9831992387771606, 0.9988784790039062, 0.9999383687973022, 0.9999960064888, 0.9999997019767761, 0.9999999403953552, 1.0, 1.0, 1.0, 1.0, 1.0]","[734, 2523, 4330, 6301, 8443, 10943, 13919, 17689, 21060, 21060, 21060, 21060]"
BusBar,mean_nn,"[0.6689066886901855, 0.7117533683776855, 0.7511183619499207, 0.7867183089256287, 0.7867183089256287, 0.8184568285942078, 0.8463945388793945, 0.8916724920272827, 0.9376113414764404, 0.9710451364517212, 0.9761843085289001, 0.9761843085289001]","[1765, 2567, 3204, 3798, 3798, 12303, 19736, 27323, 37435, 45537, 50267, 50267]"
BusBar,mean_nn,"[0.6349629759788513, 0.5369581580162048, 0.586320161819458, 0.4858309030532837, 0.3864743113517761, 0.29574939608573914, 0.3391799032688141, 0.43398526310920715, 0.4837709963321686, 0.679210364818573, 0.7212792634963989, 0.7212792634963989]","[4105, 4105, 9890, 9890, 9890, 9890, 11424, 25404, 27884, 41105, 42888, 42888]"
BusBar,mean_nn,"[0.6616612076759338, 0.5659241676330566, 0.6144156455993652, 0.6607374548912048, 0.7041738033294678, 0.6134382486343384, 0.6598124504089355, 0.7434160709381104, 0.7883790135383606, 0.8476805090904236, 0.8718252182006836, 0.8718252182006836]","[2181, 2181, 3795, 11148, 13915, 13915, 19085, 22661, 34023, 40455, 42253, 42253]"
BusBar,mean_nn,"[0.6740982532501221, 0.5796446800231934, 0.478974848985672, 0.37998417019844055, 0.2900625169277191, 0.3330528140068054, 0.37901315093040466, 0.427252858877182, 0.6059312224388123, 0.7832802534103394, 0.7832802534103394, 0.7832802534103394]","[3195, 3195, 3195, 3195, 3195, 6501, 7968, 9030, 22500, 24992, 24992, 24992]"
BusBar,mean_nn,"[0.6829302906990051, 0.5894775390625, 0.6370254158973694, 0.5391724705696106, 0.43820419907569885, 0.48805660009384155, 0.5381477475166321, 0.6351163387298584, 0.7606491446495056, 0.8532770872116089, 0.8766637444496155, 0.8766637444496155]","[1846, 1846, 9439, 9439, 9439, 16256, 18499, 26494, 39131, 43871, 44853, 44853]"
BusBar,mean_nn,"[0.6633461713790894, 0.706596851348877, 0.6161993741989136, 0.5169890522956848, 0.6152237057685852, 0.7448509335517883, 0.7810860872268677, 0.8884187340736389, 0.9467164874076843, 0.9636912941932678, 0.9636912941932678, 0.9636912941932678]","[2909, 6669, 6669, 6669, 10802, 14945, 23907, 29762, 37200, 47847, 47847, 47847]"
BusBar,mean_nn,"[0.642266571521759, 0.6869472861289978, 0.7284073233604431, 0.7662448287010193, 0.7662448287010193, 0.8002564907073975, 0.8304147124290466, 0.899400532245636, 0.9161577820777893, 0.9522688984870911, 0.9522688984870911, 0.9522688984870911]","[2902, 7589, 8308, 8852, 8852, 12301, 17506, 21914, 22965, 32180, 32180, 32180]"
BusBar,mean_nn,"[0.6531146168708801, 0.7377099394798279, 0.7746524214744568, 0.6962080001831055, 0.6962080001831055, 0.7369112372398376, 0.7739317417144775, 0.8842523097991943, 0.9331017732620239, 0.9542041420936584, 0.9542041420936584, 0.9542041420936584]","[2390, 7434, 8310, 8310, 8310, 19472, 21393, 29446, 33317, 41806, 41806, 41806]"
BusBar,mean_nn,"[0.6801254749298096, 0.5863468050956726, 0.48585835099220276, 0.5359600782394409, 0.4350254535675049, 0.48482832312583923, 0.5843450427055359, 0.6844021677970886, 0.8095729947090149, 0.8858718276023865, 0.9206047058105469, 0.9206047058105469]","[1328, 1328, 1328, 5718, 5718, 17735, 26568, 33653, 41197, 51461, 55946, 55946]"
BusBar,mean_nn,"[0.6881203651428223, 0.5952908396720886, 0.49510422348976135, 0.3953092396259308, 0.30353641510009766, 0.2251366525888443, 0.2251366525888443, 0.3707483112812042, 0.5182430148124695, 0.6164118647575378, 0.6626255512237549, 0.6626255512237549]","[2314, 2314, 2314, 2314, 2314, 2314, 2314, 10033, 23154, 29681, 31654, 31654]"
BusBar,mean_nn,"[0.6678772568702698, 0.7502490878105164, 0.6669619083404541, 0.6669619083404541, 0.6669619083404541, 0.7099511623382568, 0.7852433919906616, 0.8697217106819153, 0.9241777658462524, 0.9370964765548706, 0.9370964765548706, 0.9370964765548706]","[2471, 7397, 7397, 7397, 7397, 12844, 17804, 22262, 25552, 27112, 27112, 27112]"
BusBar,mean_nn,"[0.6594572067260742, 0.7431141138076782, 0.7795229554176331, 0.7795229554176331, 0.7795229554176331, 0.8120764493942261, 0.8658671379089355, 0.9419950842857361, 0.9604111313819885, 0.9779215455055237, 0.9779215455055237, 0.9779215455055237]","[2334, 4660, 12247, 12247, 12247, 16334, 18952, 32537, 43492, 54104, 54104, 54104]"
BusBar,mean_nn,"[0.6634321808815002, 0.7464880347251892, 0.7825585603713989, 0.8147703409194946, 0.8431666493415833, 0.8679153919219971, 0.9075426459312439, 0.9471502900123596, 0.9703449010848999, 0.9864897131919861, 0.9864897131919861, 0.9864897131919861]","[2550, 4549, 5371, 12683, 15582, 21275, 24723, 27861, 36229, 52361, 52361, 52361]"
BusBar,mean_nn,"[0.6452986598014832, 0.548093855381012, 0.4470757246017456, 0.35024595260620117, 0.26436111330986023, 0.3051796853542328, 0.3493081331253052, 0.3961791396141052, 0.4450379014015198, 0.5428857207298279, 0.5428857207298279, 0.5428857207298279]","[4891, 4891, 4891, 4891, 4891, 5760, 7349, 13548, 21518, 32123, 32123, 32123]"
BusBar,mean_nn,"[0.6716395020484924, 0.7887857556343079, 0.8202869296073914, 0.8479952812194824, 0.8479952812194824, 0.8720976114273071, 0.8928610682487488, 0.9505028128623962, 0.9663143157958984, 0.9771961569786072, 0.9846186637878418, 0.9846186637878418]","[802, 7150, 9582, 12686, 12686, 19872, 22392, 31691, 42886, 46997, 51192, 51192]"
BusBar,mean_nn,"[0.6553007364273071, 0.5589635968208313, 0.45797231793403625, 0.5080399513244629, 0.4077432155609131, 0.31458553671836853, 0.23429197072982788, 0.31369706988334656, 0.40575313568115234, 0.5131791830062866, 0.6116065979003906, 0.6116065979003906]","[5000, 5000, 5000, 13742, 13742, 13742, 13742, 17096, 21649, 27700, 31234, 31234]"
BusBar,mean_nn,"[0.6686962842941284, 0.71155846118927, 0.71155846118927, 0.71155846118927, 0.71155846118927, 0.75094074010849, 0.8183156847953796, 0.9348796606063843, 0.9577843546867371, 0.9831328392028809, 0.9861571192741394, 0.9861571192741394]","[1076, 1805, 1805, 1805, 1805, 5553, 18879, 28354, 36473, 50995, 52908, 52908]"
BusBar,mean_nn,"[0.6646935343742371, 0.7078472971916199, 0.7078472971916199, 0.7078472971916199, 0.7078472971916199, 0.7835191488265991, 0.8439128398895264, 0.9080159664154053, 0.9399448037147522, 0.9589834809303284, 0.9589834809303284, 0.9589834809303284]","[2395, 3292, 3292, 3292, 3292, 9216, 15351, 21413, 24474, 27290, 27290, 27290]"
BusBar,mean_nn,"[0.6624686121940613, 0.7057819962501526, 0.7456710934638977, 0.7818238735198975, 0.8141186833381653, 0.8425955176353455, 0.8674202561378479, 0.90718013048172, 0.9358974695205688, 0.9561593532562256, 0.9561593532562256, 0.9561593532562256]","[1618, 6133, 7001, 9967, 11843, 17480, 27143, 30242, 32588, 41534, 41534, 41534]"
BusBar,mean_nn,"[0.6542374491691589, 0.5578036308288574, 0.606571614742279, 0.6533040404319763, 0.6972560286521912, 0.7378717064857483, 0.6523694396018982, 0.7370733618736267, 0.8365561962127686, 0.8621776103973389, 0.8621776103973389, 0.8621776103973389]","[1991, 1991, 9693, 12210, 13013, 22657, 22657, 27792, 33842, 34991, 34991, 34991]"
BusBar,mean_nn,"[0.6386680603027344, 0.7253046631813049, 0.763434112071991, 0.6826841831207275, 0.7244823575019836, 0.7626885771751404, 0.7970806360244751, 0.7970806360244751, 0.8276150226593018, 0.8975992798805237, 0.9146281480789185, 0.9146281480789185]","[2602, 3579, 11049, 11049, 17979, 25094, 30627, 30627, 33805, 43452, 47685, 47685]"
BusBar,mean_nn,"[0.6506583094596863, 0.6947889924049377, 0.6027986407279968, 0.6497204303741455, 0.5528877973556519, 0.601810872554779, 0.6487813591957092, 0.6487813591957092, 0.7730427384376526, 0.8063153028488159, 0.8357464671134949, 0.8357464671134949]","[2358, 3435, 3435, 6852, 6852, 13184, 14025, 14025, 15295, 23726, 28521, 28521]"
BusBar,mean_nn,"[0.6326452493667603, 0.5344743728637695, 0.4335581660270691, 0.3378671407699585, 0.2538319230079651, 0.33694523572921753, 0.3831341564655304, 0.43153390288352966, 0.4812775254249573, 0.5808871984481812, 0.628803551197052, 0.628803551197052]","[4987, 4987, 4987, 4987, 4987, 14220, 15815, 25805, 30374, 43240, 44954, 44954]"
BusBar,mean_nn,"[0.649581253528595, 0.6937839984893799, 0.6937839984893799, 0.6937839984893799, 0.7346882224082947, 0.7719247341156006, 0.8348713517189026, 0.8896805644035339, 0.9233546257019043, 0.9565131664276123, 0.9565131664276123, 0.9565131664276123]","[1122, 3974, 3974, 3974, 8769, 15419, 22799, 26488, 38010, 49860, 49860, 49860]"
BusBar,mean_nn,"[0.6561654806137085, 0.5599076747894287, 0.4589233696460724, 0.5089972615242004, 0.5588913559913635, 0.4578996002674103, 0.5079666972160339, 0.5578745007514954, 0.7312477231025696, 0.8330823183059692, 0.8759353756904602, 0.8759353756904602]","[4512, 4512, 4512, 12890, 17028, 17028, 18934, 20927, 32510, 35979, 36517, 36517]"
BusBar,mean_nn,"[0.6479207277297974, 0.5509344339370728, 0.6469794511795044, 0.6913544535636902, 0.6913544535636902, 0.6913544535636902, 0.7324580550193787, 0.7699095606803894, 0.8332922458648682, 0.8593392372131348, 0.8818933963775635, 0.8818933963775635]","[1286, 1286, 9763, 10405, 10405, 10405, 18921, 20180, 29221, 31317, 37187, 37187]"
BusBar,fscore,"[0.6558325886726379, 0.5595441460609436, 0.4585570693016052, 0.3608635663986206, 0.273470938205719, 0.2006000578403473, 0.2006000578403473, 0.2347147911787033, 0.27265241742134094, 0.27265241742134094, 0.27265241742134094, 0.27265241742134094]","[4079, 4079, 4079, 4079, 4079, 4079, 4079, 7090, 10274, 10274, 10274, 10274]"
BusBar,fscore,"[0.673950731754303, 0.5794810652732849, 0.6274549961090088, 0.5289298892021179, 0.4280978739261627, 0.3329036831855774, 0.3788551390171051, 0.4863573908805847, 0.6335387229919434, 0.7208676934242249, 0.759408712387085, 0.759408712387085]","[642, 642, 7511, 7511, 7511, 7511, 17243, 25209, 36444, 39112, 40521, 40521]"
BusBar,fscore,"[0.6813552379608154, 0.5877185463905334, 0.4872719347476959, 0.38784295320510864, 0.2969522476196289, 0.3404739797115326, 0.3868643641471863, 0.4354027211666107, 0.6066654324531555, 0.6533930897712708, 0.6973389983177185, 0.6973389983177185]","[2796, 2796, 2796, 2796, 2796, 6955, 15910, 16453, 20025, 21655, 24813, 24813]"
BusBar,fscore,"[0.6502480506896973, 0.5534610152244568, 0.45244404673576355, 0.35519853234291077, 0.26860126852989197, 0.30979883670806885, 0.35425466299057007, 0.35425466299057007, 0.35425466299057007, 0.4504017233848572, 0.4504017233848572, 0.4504017233848572]","[3824, 3824, 3824, 3824, 3824, 11246, 16875, 16875, 16875, 23546, 23546, 23546]"
BusBar,fscore,"[0.6290356516838074, 0.5306158661842346, 0.5801252722740173, 0.4794671833515167, 0.5295886993408203, 0.4287453591823578, 0.4784381091594696, 0.7101029753684998, 0.7853677272796631, 0.84534752368927, 0.8698052763938904, 0.8698052763938904]","[834, 834, 5694, 5694, 6860, 6860, 10863, 25498, 38849, 46485, 47743, 47743]"
BusBar,fscore,"[0.6574167013168335, 0.5612750053405762, 0.4603019952774048, 0.3624856173992157, 0.2748691141605377, 0.2748691141605377, 0.2748691141605377, 0.2748691141605377, 0.2748691141605377, 0.3166118562221527, 0.3166118562221527, 0.3166118562221527]","[936, 936, 936, 936, 936, 936, 936, 936, 936, 1895, 1895, 1895]"
BusBar,fscore,"[0.6624018549919128, 0.566737174987793, 0.46582484245300293, 0.36763429641723633, 0.27931857109069824, 0.20532985031604767, 0.20532985031604767, 0.27848923206329346, 0.27848923206329346, 0.27848923206329346, 0.27848923206329346, 0.27848923206329346]","[1560, 1560, 1560, 1560, 1560, 1560, 1560, 4101, 4101, 4101, 4101, 4101]"
BusBar,fscore,"[0.6578072309494019, 0.5617020130157471, 0.46073290705680847, 0.362886518239975, 0.27521494030952454, 0.20200854539871216, 0.20200854539871216, 0.20200854539871216, 0.20200854539871216, 0.20200854539871216, 0.20200854539871216, 0.20200854539871216]","[3142, 3142, 3142, 3142, 3142, 3142, 3142, 3142, 3142, 3142, 3142, 3142]"
BusBar,fscore,"[0.6601704955101013, 0.564289391040802, 0.46334683895111084, 0.36532139778137207, 0.277317613363266, 0.20370912551879883, 0.2381950467824936, 0.2381950467824936, 0.2764919400215149, 0.3634113073348999, 0.4109794795513153, 0.4109794795513153]","[3786, 3786, 3786, 3786, 3786, 3786, 9333, 9333, 15960, 21839, 23186, 23186]"
BusBar,fscore,"[0.6457303166389465, 0.6901870965957642, 0.7689400315284729, 0.8325316905975342, 0.8325316905975342, 0.8325316905975342, 0.881322979927063, 0.9313127398490906, 0.9613450765609741, 0.9737886190414429, 0.9823001623153687, 0.9823001623153687]","[1754, 3203, 6382, 10884, 10884, 10884, 18804, 24884, 32753, 36950, 41711, 41711]"
BusBar,fscore,"[0.6521129012107849, 0.5554891228675842, 0.45447877049446106, 0.3570811152458191, 0.27021723985671997, 0.35613498091697693, 0.4033542275428772, 0.5524324774742126, 0.6483616232872009, 0.7336433529853821, 0.7709807753562927, 0.7709807753562927]","[1878, 1878, 1878, 1878, 1878, 8976, 10398, 14302, 16407, 19411, 21832, 21832]"
BusBar,fscore,"[0.653483510017395, 0.5569818019866943, 0.4559784531593323, 0.3584705889225006, 0.27141138911247253, 0.1989390254020691, 0.24939365684986115, 0.33222466707229614, 0.33222466707229614, 0.3781355023384094, 0.3781355023384094, 0.3781355023384094]","[3711, 3711, 3711, 3711, 3711, 3711, 5625, 8170, 8170, 11017, 11017, 11017]"
BusBar,fscore,"[0.650139570236206, 0.650139570236206, 0.5533431172370911, 0.6022522449493408, 0.5023483037948608, 0.5523237586021423, 0.4513045847415924, 0.5513039231300354, 0.7159596085548401, 0.7159596085548401, 0.7549479007720947, 0.7549479007720947]","[1290, 1290, 1290, 2753, 2753, 6363, 6363, 8494, 20424, 20424, 22496, 22496]"
BusBar,fscore,"[0.550000011920929, 0.6461165547370911, 0.5489792227745056, 0.6451731324195862, 0.689666211605072, 0.5970273613929749, 0.6442285180091858, 0.6442285180091858, 0.6442285180091858, 0.6887829899787903, 0.6887829899787903, 0.6887829899787903]","[5311, 8384, 8384, 10171, 13179, 13179, 19631, 19631, 19631, 22519, 22519, 22519]"
BusBar,fscore,"[0.7769078612327576, 0.8097532391548157, 0.8387664556503296, 0.8640976548194885, 0.8859900236129761, 0.9206901788711548, 0.9549451470375061, 0.962832510471344, 0.9693832993507385, 0.9693832993507385, 0.9829955101013184, 0.9829955101013184]","[5305, 6069, 12194, 13497, 15528, 22412, 31721, 35181, 39197, 39197, 45278, 45278]"
BusBar,fscore,"[0.7389625906944275, 0.7389625906944275, 0.6536491513252258, 0.557162344455719, 0.6059510707855225, 0.6527150273323059, 0.7743444442749023, 0.862358570098877, 0.9034675359725952, 0.9533980488777161, 0.9615452885627747, 0.9615452885627747]","[3895, 3895, 3895, 3895, 10160, 11587, 15943, 30250, 40725, 47901, 49509, 49509]"
BusBar,fscore,"[0.6828848719596863, 0.5894268155097961, 0.4890345633029938, 0.5391203761100769, 0.438152551651001, 0.342059850692749, 0.4371376931667328, 0.48697394132614136, 0.6912508606910706, 0.8034480810165405, 0.8034480810165405, 0.8034480810165405]","[3862, 3862, 3862, 8514, 8514, 8514, 16856, 17776, 29873, 33387, 33387, 33387]"
BusBar,fscore,"[0.689874529838562, 0.689874529838562, 0.689874529838562, 0.5972615480422974, 0.4971506595611572, 0.39726775884628296, 0.3052697777748108, 0.22656798362731934, 0.1633845567703247, 0.1633845567703247, 0.1633845567703247, 0.1633845567703247]","[541, 541, 541, 541, 541, 541, 541, 541, 541, 541, 541, 541]"
BusBar,fscore,"[0.618655800819397, 0.618655800819397, 0.6647461652755737, 0.5693138837814331, 0.6176824569702148, 0.6176824569702148, 0.663826584815979, 0.663826584815979, 0.7070427536964417, 0.7468222379684448, 0.7828590869903564, 0.7828590869903564]","[4909, 4909, 10798, 10798, 11436, 11436, 17336, 17336, 20158, 30006, 30708, 30708]"
BusBar,fscore,"[0.6272444725036621, 0.6272444725036621, 0.672845721244812, 0.7153995633125305, 0.6262798309326172, 0.6719374060630798, 0.7145592570304871, 0.789010763168335, 0.8481693267822266, 0.8722482323646545, 0.8722482323646545, 0.8722482323646545]","[1917, 1917, 2603, 8799, 8799, 12541, 13057, 15374, 16682, 18376, 18376, 18376]"
BusBar,fscore,"[0.6134326457977295, 0.5140711069107056, 0.5638912916183472, 0.46294429898262024, 0.3649460971355438, 0.2769932746887207, 0.3639909327030182, 0.4608944356441498, 0.560846745967865, 0.6095139980316162, 0.6560950875282288, 0.6560950875282288]","[5165, 5165, 5689, 5689, 5689, 5689, 14915, 21584, 33010, 43862, 44466, 44466]"
BusBar,fscore,"[0.6048117876052856, 0.6516332030296326, 0.6516332030296326, 0.6956983208656311, 0.6956983208656311, 0.7364439964294434, 0.7735100388526917, 0.7735100388526917, 0.8617915511131287, 0.9030508399009705, 0.9030508399009705, 0.9030508399009705]","[5096, 7157, 7157, 12375, 12375, 13471, 22071, 22071, 23840, 43040, 43040, 43040]"
BusBar,fscore,"[0.5713913440704346, 0.6657158732414246, 0.5703811645507812, 0.6187101602554321, 0.6647975444793701, 0.7476446032524109, 0.7835983037948608, 0.8156923651695251, 0.8686155080795288, 0.8898728489875793, 0.8898728489875793, 0.8898728489875793]","[3924, 6279, 6279, 8147, 8703, 16101, 20230, 28664, 34314, 46747, 46747, 46747]"
BusBar,fscore,"[0.5973347425460815, 0.5973347425460815, 0.4972267746925354, 0.39734065532684326, 0.3053343594074249, 0.2266213297843933, 0.26370152831077576, 0.26370152831077576, 0.39536744356155396, 0.44419974088668823, 0.44419974088668823, 0.44419974088668823]","[4643, 4643, 4643, 4643, 4643, 4643, 11414, 11414, 23554, 35469, 35469, 35469]"
BusBar,chamfer,"[0.610765278339386, 0.7009596228599548, 0.7009596228599548, 0.7009596228599548, 0.7009596228599548, 0.7009596228599548, 0.7009596228599548, 0.7009596228599548, 0.7009596228599548, 0.7009596228599548, 0.7009596228599548, 0.7009596228599548]","[5204, 16504, 16504, 16504, 16504, 16504, 16504, 16504, 16504, 16504, 16504, 16504]"
BusBar,chamfer,"[0.5885346531867981, 0.4881137013435364, 0.38864317536354065, 0.2976561188697815, 0.2202947735786438, 0.1585022509098053, 0.11156246811151505, 0.13305546343326569, 0.13305546343326569, 0.13305546343326569, 0.13305546343326569, 0.13305546343326569]","[4727, 4727, 4727, 4727, 4727, 4727, 4727, 9159, 9159, 9159, 9159, 9159]"
BusBar,chamfer,"[0.5913903117179871, 0.4910636246204376, 0.3914516568183899, 0.30012986063957214, 0.22232912480831146, 0.1600831300020218, 0.11273789405822754, 0.11273789405822754, 0.11273789405822754, 0.11273789405822754, 0.11273789405822754, 0.11273789405822754]","[5205, 5205, 5205, 5205, 5205, 5205, 5205, 5205, 5205, 5205, 5205, 5205]"
BusBar,chamfer,"[0.588492214679718, 0.48806992173194885, 0.5381609797477722, 0.43720242381095886, 0.34119153022766113, 0.2566499710083008, 0.29675817489624023, 0.29675817489624023, 0.3866438567638397, 0.43517419695854187, 0.4849794805049896, 0.4849794805049896]","[5173, 5173, 10824, 10824, 10824, 10824, 18221, 18221, 20761, 25151, 26291, 26291]"
BusBar,chamfer,"[0.5797809958457947, 0.47911450266838074, 0.5292366147041321, 0.42839929461479187, 0.3331771492958069, 0.3791448771953583, 0.42738980054855347, 0.4770566523075104, 0.5767641067504883, 0.6248473525047302, 0.6705878376960754, 0.6705878376960754]","[5235, 5235, 10366, 10366, 10366, 18180, 19105, 19913, 21597, 27018, 27611, 27611]"
BusBar,chamfer,"[0.587715744972229, 0.4872690737247467, 0.387840211391449, 0.2969498336315155, 0.21971464157104492, 0.15805186331272125, 0.11122783273458481, 0.11122783273458481, 0.11122783273458481, 0.11122783273458481, 0.11122783273458481, 0.11122783273458481]","[5224, 5224, 5224, 5224, 5224, 5224, 5224, 5224, 5224, 5224, 5224, 5224]"
BusBar,chamfer,"[0.550000011920929, 0.44897961616516113, 0.35199999809265137, 0.26586103439331055, 0.19447514414787292, 0.1386372596025467, 0.09690296649932861, 0.09690296649932861, 0.09690296649932861, 0.09690296649932861, 0.09690296649932861, 0.09690296649932861]","[4477, 4477, 4477, 4477, 4477, 4477, 4477, 4477, 4477, 4477, 4477, 4477]"
BusBar,chamfer,"[0.567244291305542, 0.4663388729095459, 0.3681146502494812, 0.2797345519065857, 0.20566710829734802, 0.1472030133008957, 0.1031990796327591, 0.1031990796327591, 0.1031990796327591, 0.1031990796327591, 0.1031990796327591, 0.1031990796327591]","[5322, 5322, 5322, 5322, 5322, 5322, 5322, 5322, 5322, 5322, 5322, 5322]"
BusBar,chamfer,"[0.6056419014930725, 0.5058908462524414, 0.40566855669021606, 0.31273457407951355, 0.23275300860404968, 0.1682199090719223, 0.11880858987569809, 0.11880858987569809, 0.11880858987569809, 0.11880858987569809, 0.11880858987569809, 0.11880858987569809]","[5315, 5315, 5315, 5315, 5315, 5315, 5315, 5315, 5315, 5315, 5315, 5315]"
BusBar,chamfer,"[0.6251174807548523, 0.5264407396316528, 0.42565447092056274, 0.3306894600391388, 0.24777144193649292, 0.18005149066448212, 0.12769843637943268, 0.12769843637943268, 0.12769843637943268, 0.12769843637943268, 0.12769843637943268, 0.12769843637943268]","[5165, 5165, 5165, 5165, 5165, 5165, 5165, 5165, 5165, 5165, 5165, 5165]"
BusBar,chamfer,"[0.6180688142776489, 0.5189644694328308, 0.41834503412246704, 0.3240906000137329, 0.24222837388515472, 0.17566964030265808, 0.12439737468957901, 0.12439737468957901, 0.12439737468957901, 0.12439737468957901, 0.12439737468957901, 0.12439737468957901]","[5187, 5187, 5187, 5187, 5187, 5187, 5187, 5187, 5187, 5187, 5187, 5187]"
BusBar,chamfer,"[0.6164703369140625, 0.5172751545906067, 0.41669952869415283, 0.32261019945144653, 0.2409885972738266, 0.17469199001789093, 0.12366226315498352, 0.12366226315498352, 0.12366226315498352, 0.12366226315498352, 0.12366226315498352, 0.12366226315498352]","[5150, 5150, 5150, 5150, 5150, 5150, 5150, 5150, 5150, 5150, 5150, 5150]"
BusBar,chamfer,"[0.5745600461959839, 0.47377800941467285, 0.3750881850719452, 0.2857910692691803, 0.21058884263038635, 0.15099161863327026, 0.10599590837955475, 0.10599590837955475, 0.10599590837955475, 0.10599590837955475, 0.10599590837955475, 0.10599590837955475]","[5289, 5289, 5289, 5289, 5289, 5289, 5289, 5289, 5289, 5289, 5289, 5289]"
BusBar,chamfer,"[0.5937346816062927, 0.493490606546402, 0.39376723766326904, 0.3021734952926636, 0.22401253879070282, 0.16139304637908936, 0.1137128546833992, 0.1137128546833992, 0.1137128546833992, 0.1137128546833992, 0.1137128546833992, 0.1137128546833992]","[4832, 4832, 4832, 4832, 4832, 4832, 4832, 4832, 4832, 4832, 4832, 4832]"
BusBar,chamfer,"[0.5982587933540344, 0.4981875717639923, 0.39826130867004395, 0.3061501383781433, 0.22729560732841492, 0.1639522910118103, 0.11562026292085648, 0.11562026292085648, 0.11562026292085648, 0.11562026292085648, 0.11562026292085648, 0.11562026292085648]","[5004, 5004, 5004, 5004, 5004, 5004, 5004, 5004, 5004, 5004, 5004, 5004]"
BusBar,chamfer,"[0.5902984142303467, 0.48993486166000366, 0.3903762102127075, 0.2991819977760315, 0.2215491682291031, 0.15947675704956055, 0.11228688806295395, 0.11228688806295395, 0.11228688806295395, 0.11228688806295395, 0.11228688806295395, 0.11228688806295395]","[5178, 5178, 5178, 5178, 5178, 5178, 5178, 5178, 5178, 5178, 5178, 5178]"
BusBar,chamfer,"[0.5725859999656677, 0.47176626324653625, 0.3731982707977295, 0.2841465175151825, 0.20925025641918182, 0.14995989203453064, 0.10523352771997452, 0.10523352771997452, 0.10523352771997452, 0.10523352771997452, 0.10523352771997452, 0.10523352771997452]","[5157, 5157, 5157, 5157, 5157, 5157, 5157, 5157, 5157, 5157, 5157, 5157]"
BusBar,chamfer,"[0.5954287052154541, 0.4952472746372223, 0.3954460620880127, 0.3036574125289917, 0.22523652017116547, 0.1623464673757553, 0.11442303657531738, 0.11442303657531738, 0.11442303657531738, 0.11442303657531738, 0.11442303657531738, 0.11442303657531738]","[5217, 5217, 5217, 5217, 5217, 5217, 5217, 5217, 5217, 5217, 5217, 5217]"
BusBar,chamfer,"[0.5945834517478943, 0.4943704605102539, 0.3946077823638916, 0.3029162287712097, 0.22462500631809235, 0.16187001764774323, 0.11406808346509933, 0.11406808346509933, 0.11406808346509933, 0.11406808346509933, 0.11406808346509933, 0.11406808346509933]","[5222, 5222, 5222, 5222, 5222, 5222, 5222, 5222, 5222, 5222, 5222, 5222]"
BusBar,chamfer,"[0.5891467928886414, 0.48874548077583313, 0.38924407958984375, 0.29818496108055115, 0.22072936594486237, 0.15883977711200714, 0.11181332170963287, 0.11181332170963287, 0.11181332170963287, 0.11181332170963287, 0.11181332170963287, 0.11181332170963287]","[5263, 5263, 5263, 5263, 5263, 5263, 5263, 5263, 5263, 5263, 5263, 5263]"
BusBar,chamfer,"[0.5738570690155029, 0.4730612337589264, 0.37441447377204895, 0.42246708273887634, 0.32780730724334717, 0.2453470677137375, 0.28436464071273804, 0.32689931988716125, 0.5200992226600647, 0.5698186159133911, 0.6181685328483582, 0.6181685328483582]","[5010, 5010, 5010, 9665, 9665, 9665, 18526, 27177, 39475, 46077, 46777, 46777]"
BusBar,chamfer,"[0.5647889375686646, 0.4638521373271942, 0.3657926619052887, 0.2777250409126282, 0.20403893291950226, 0.14595262706279755, 0.10227765142917633, 0.1222279816865921, 0.1222279816865921, 0.1222279816865921, 0.1222279816865921, 0.1222279816865921]","[4940, 4940, 4940, 4940, 4940, 4940, 4940, 8912, 8912, 8912, 8912, 8912]"
BusBar,chamfer,"[0.5919377207756042, 0.4916298985481262, 0.391991525888443, 0.30060601234436035, 0.22272111475467682, 0.1603880077600479, 0.11296473443508148, 0.11296473443508148, 0.11296473443508148, 0.11296473443508148, 0.11296473443508148, 0.11296473443508148]","[5162, 5162, 5162, 5162, 5162, 5162, 5162, 5162, 5162, 5162, 5162, 5162]"
BusBar,chamfer,"[0.607312023639679, 0.5076399445533752, 0.407356858253479, 0.31424057483673096, 0.23400501906871796, 0.1692013293504715, 0.1195431724190712, 0.1195431724190712, 0.1195431724190712, 0.1195431724190712, 0.1195431724190712, 0.1195431724190712]","[4867, 4867, 4867, 4867, 4867, 4867, 4867, 4867, 4867, 4867, 4867, 4867]"
BusBar,chamfer,"[0.6196695566177368, 0.5206584334373474, 0.41999733448028564, 0.3255789875984192, 0.2434762418270111, 0.17665456235408783, 0.12513846158981323, 0.12513846158981323, 0.12513846158981323, 0.12513846158981323, 0.12513846158981323, 0.12513846158981323]","[5272, 5272, 5272, 5272, 5272, 5272, 5272, 5272, 5272, 5272, 5272, 5272]"
